carrier,average_percent,std_dev
TLMD,0.661678,0.056297
FDEG,0.115009,0.031822
UPSN,0.100835,0.030253
USPS,0.121665,0.032764
FDE,0.000813,0.001065
