,Truck_1_Arrival,Truck_2_Arrival,Truck_3_Arrival,Truck_4_Arrival,Truck_5_Arrival,Truck_6_Arrival,Truck_7_Arrival,Truck_8_Arrival,Truck_9_Arrival,Truck_10_Arrival,Truck_11_Arrival,Truck_12_Arrival,Truck_13_Arrival,Truck_14_Arrival,Truck_15_Arrival,Truck_1_Volume,Truck_2_Volume,Truck_3_Volume,Truck_4_Volume,Truck_5_Volume,Truck_6_Volume,Truck_7_Volume,Truck_8_Volume,Truck_9_Volume,Truck_10_Volume,Truck_11_Volume,Truck_12_Volume,Truck_13_Volume,Truck_14_Volume,Truck_15_Volume
0,79.03417099501422,105.80372453961925,125.64922316811634,78.6961630695516,55.83402564284508,178.73158447064426,175.0994337935786,223.74639839151783,205.82483980785855,226.42570539781337,281.5903903549047,960.0781083362335,962.2681665312997,1013.5768190218688,868.2100512022827,512,340,578,196,442,716,511,455,702,716,330,111,320,150,107
1,65.99032460131122,105.07786661774024,120.37153650313458,144.95909346909153,127.32314563711141,188.54000287994774,164.4449932504572,219.448498069127,251.843991312226,244.28233564673104,223.0132575428626,971.978973217498,858.7076346598401,971.8942619893654,886.0060147032088,488,487,565,461,388,695,247,633,609,969,360,198,256,82,131
