carrier,average_percent,std_dev
TLMD,0.761678,0.036297
FDEG,0.085009,0.031822
UPSN,0.079835,0.030253
USPS,0.072665,0.032764
FDE,0.000813,0.001065
