,Truck_1_Arrival,Truck_2_Arrival,Truck_3_Arrival,Truck_4_Arrival,Truck_5_Arrival,Truck_6_Arrival,Truck_7_Arrival,Truck_8_Arrival,Truck_9_Arrival,Truck_10_Arrival,Truck_11_Arrival,Truck_12_Arrival,Truck_13_Arrival,Truck_14_Arrival,Truck_15_Arrival,Truck_1_Volume,Truck_2_Volume,Truck_3_Volume,Truck_4_Volume,Truck_5_Volume,Truck_6_Volume,Truck_7_Volume,Truck_8_Volume,Truck_9_Volume,Truck_10_Volume,Truck_11_Volume,Truck_12_Volume,Truck_13_Volume,Truck_14_Volume,Truck_15_Volume
0,52.01438871506362,99.40915928900297,105.09410404502454,86.08009590544349,100.65707504338698,166.13314630110887,187.10472157616888,226.47796161513875,207.53993829552164,258.96562815374216,210.62777268923307,926.919116396175,899.1749582772035,950.8350894721134,1010.8190040610607,609,571,1080,697,448,1151,112,829,1071,849,344,289,247,233,231
